decision,tier,university_slug,proposed_slug,program_name,department_school,category,evidence_url,placement_url,faculty_directory_url,notes
,A-verified,berkeley,berkeley-haas-bpp,PhD in Business Administration — Business & Public Policy field (Haas),Haas School of Business,business-econ,https://haas.berkeley.edu/phd/academics/business-public-policy/,https://haas.berkeley.edu/phd/academics/business-public-policy/placement/,https://haas.berkeley.edu/groups/bpp/faculty.html,"All three URLs fetched and verified. Evidence page is the official Haas BPP field page, listed alongside the other Haas PhD fields (Accounting, Finance, Marketing, Real Estate, etc.) and clearly active. Placement page shows named placements 2019-2026 (U Chicago 2026, NYU Abu Dhabi 2025, UIUC 2025, O"
,A-verified,chicago,chicago-booth-econ,PhD in Economics (Chicago Booth Stevens Doctoral Program),University of Chicago Booth School of Business,business-econ,https://www.chicagobooth.edu/phd/dissertation-areas/economics,https://www.chicagobooth.edu/phd/career-outcomes,https://www.chicagobooth.edu/phd/dissertation-areas/economics,"Evidence page fetched: official chicagobooth.edu page describing an active PhD dissertation area in Economics within the Stevens Doctoral Program; fields match the claim. Faculty URL (same page) genuinely shows a roster of 20+ named faculty with titles, so it is acceptable as a faculty directory. Pl"
,A-verified,harvard,harvard-hbs-busecon,PhD in Business Economics (Harvard Business School),Harvard Business School (jointly with the Department of Economics; degree via Harvard Griffin GSAS),business-econ,https://www.hbs.edu/doctoral/phd-programs/business-economics,https://www.hbs.edu/doctoral/placement/business-economics,https://www.hbs.edu/faculty/Pages/browse.aspx?faculty=Current,"Evidence URL fetched: official HBS page, currently-offered PhD, quote: 'The Business Economics program is jointly administered by Harvard Business School and the Department of Economics in the Faculty of Arts and Sciences'; admissions via Harvard Griffin GSAS; no discontinuation mention; lists gradu"
,A-verified,maryland,maryland-smith-managerial-econ,"PhD in Business and Management, Managerial Economics specialization (Smith School)","Department of Logistics, Business & Public Policy, Robert H. Smith School of Business",business-econ,https://www.rhsmith.umd.edu/programs/phd/academics/areas-specialization/managerial-economics-me,https://www.rhsmith.umd.edu/programs/phd/academics/areas-specialization/managerial-economics-me,,"Real, currently offered area of specialization within the Smith School PhD — confirmed on both the ME specialization page and the Smith PhD overview page (rhsmith.umd.edu/programs/phd), which lists Managerial Economics among nine areas of specialization across six academic departments. It is a speci"
,A-verified,northwestern,northwestern-kellogg-mecs,PhD in Managerial Economics & Strategy (MECS),Kellogg School of Management (joint: Managerial Economics & Decision Sciences (MEDS) and Strategy departments),business-econ,https://www.kellogg.northwestern.edu/doctoral/programs/managerialeconomicsstrategy/,https://www.kellogg.northwestern.edu/doctoral/placement/jobplacement/,,"Evidence URL verified: official Kellogg page describes a currently-offered 'PhD in Managerial Economics & Strategy (MECS)' offered jointly by the MEDS and Strategy departments; research areas are explicitly economics (game theory, IO, mechanism/market design, health economics, political economy, dev"
,A-verified,nyu,nyu-stern-econ,PhD in Economics (Stern School of Business),"Stern School of Business, Department of Economics",business-econ,https://www.stern.nyu.edu/experience-stern/about/departments-centers-initiatives/academic-departments/economics/academic-programs/phd,https://www.stern.nyu.edu/experience-stern/about/departments-centers-initiatives/academic-departments/economics/academic-programs/phd/placements,https://www.stern.nyu.edu/experience-stern/about/departments-centers-initiatives/academic-departments/economics/people/faculty,"All three URLs fetched and verified 2026-07-14. Evidence page is an official Stern page describing a currently-offered Economics PhD (active Apply link, current-students and job-market-candidate pages, curriculum built on 'the standard economics PhD core -- micro, macro, and econometrics'; contact P"
,A-verified,stanford,stanford-gsb-eap,"PhD in Business Administration, Economic Analysis & Policy field (Stanford GSB)",Stanford Graduate School of Business,business-econ,https://www.gsb.stanford.edu/programs/phd/fields/economic-analysis-policy,https://www.gsb.stanford.edu/programs/phd/placement/academic-placements,https://www.gsb.stanford.edu/faculty-research/faculty,"Fetched all three URLs. Evidence page is official (gsb.stanford.edu), currently live, field name exactly 'Economic Analysis & Policy', and states the field 'prepares students for research careers in economics'; lists active faculty (Akbarpour, Athey, Imbens, Jones, et al.). Placement page verified: "
,A-verified,stanford,stanford-gsb-poliecon,"PhD in Business Administration, Political Economics field (Stanford GSB)",Stanford Graduate School of Business,business-econ,https://www.gsb.stanford.edu/programs/phd/fields/political-economics,https://www.gsb.stanford.edu/programs/phd/placement/academic-placements,https://www.gsb.stanford.edu/faculty-research/faculty,"Fetched all three URLs. Evidence page is official, live, and describes an actively offered GSB PhD field named exactly 'Political Economics'; training combines 'economic theory, econometrics, game theory' with political theory/institutions, grounded in positive political economy. Placement page veri"
,A-verified,ucla,ucla-anderson-gem,PhD in Management - Global Economics and Management (GEM),UCLA Anderson School of Management,business-econ,https://www.anderson.ucla.edu/degrees/phd-program/areas-of-study/global-economics-and-management,https://www.anderson.ucla.edu/degrees/phd-program/placement,https://www.anderson.ucla.edu/degrees/phd-program/areas-of-study/global-economics-and-management/faculty,All three URLs fetched and verified. Evidence page is an official Anderson page describing GEM as one of eight areas of study in the Anderson PhD program; the page itself states 'The Ph.D. Program in Economics is designed for scholars aiming at careers in top academic institutions' with emphasis on 
,A-verified,upenn,upenn-wharton-appecon,PhD in Applied Economics (Wharton),The Wharton School — Departments of Business Economics & Public Policy and Real Estate (jointly run),business-econ,https://doctoral.wharton.upenn.edu/programs-of-study/applied-economics/,https://doctoral.wharton.upenn.edu/career-placement/,https://bepp.wharton.upenn.edu/programs/phd/applied-economics-faculty/,Evidence URL is a live official Wharton Doctoral Programs page describing a currently-offered standalone 'PhD in Applied Economics' that 'combin[es] the faculties of the departments of Real Estate and Business Economics & Public Policy' — name and joint-department claim both check out. Faculty URL i
,A-verified,wustl,wustl-olin-busecon,PhD in Business Economics (Olin Business School),Olin Business School,business-econ,https://olin.washu.edu/programs/doctoral/phd/phd-in-business-economics.php,https://olin.washu.edu/programs/doctoral/placements.php,https://olin.washu.edu/faculty-and-research/faculty-directory/index.php,"Fetched all three URLs. Evidence page is an official olin.washu.edu page titled 'PhD in Business Economics', a currently-offered standalone doctoral program (one of seven Olin PhD areas, not a track of the Arts & Sciences Economics PhD). Page confirms mandatory math camp offered through the Economic"
,A-verified,arizona_state,arizona_state-agribusiness,PhD in Business Administration (Agribusiness),"Morrison School of Agribusiness, W. P. Carey School of Business",ag-resource-econ,https://wpcarey.asu.edu/agribusiness-degrees/doctoral,https://wpcarey.asu.edu/agribusiness-degrees/phd-placement-data,https://wpcarey.asu.edu/people/departments/morrison-agribusiness,"Fetched all three URLs. Evidence page is live and official: describes a currently-offered, STEM-designated doctoral program housed in the Morrison School of Agribusiness within W. P. Carey, with the claimed econ core (microeconomic theory, mathematical economics, applied econometrics). It is a stand"
,A-verified,berkeley,berkeley-are,PhD in Agricultural and Resource Economics,"Department of Agricultural & Resource Economics, Rausser College of Natural Resources",ag-resource-econ,https://are.berkeley.edu/graduate-program,https://are.berkeley.edu/job-candidates/past-placements,https://are.berkeley.edu/people/faculty,"All three URLs fetched and verified. Evidence page is the official ARE graduate-program page describing an active doctoral program in the Department of Agricultural & Resource Economics, Rausser College of Natural Resources; no sign of discontinuation. Placement page shows 'ARE Doctoral Job Placemen"
,A-verified,maryland,maryland-arec,PhD in Agricultural and Resource Economics (AREC),"Department of Agricultural & Resource Economics, College of Agriculture and Natural Resources",ag-resource-econ,https://www.arec.umd.edu/graduate/phd,https://www.arec.umd.edu/graduate/recent-placements,https://www.arec.umd.edu/faculty,"All checks pass. Evidence URL is the official AREC PhD page (arec.umd.edu) describing a currently offered PhD in Agricultural and Resource Economics in the Department of Agricultural & Resource Economics, College of Agriculture and Natural Resources (42+ credit hours, four-course specialization, dis"
,A-verified,minnesota,minnesota-apec,PhD in Applied Economics,"Department of Applied Economics, College of Food, Agricultural and Natural Resource Sciences (CFANS)",ag-resource-econ,https://apec.umn.edu/graduate/phd,https://apec.umn.edu/graduate/placement-recent-graduates,https://apec.umn.edu/faculty,"All three URLs fetched and verified. Evidence page is the official apec.umn.edu PhD page describing a standalone, STEM-designated Ph.D. in Applied Economics ('core coursework in economic theory, quantitative methods, and two fields of specialization'; expected 8 semesters), housed in the Department "
,A-verified,penn_state,penn_state-eefe,"PhD in Energy, Environmental, and Food Economics (EEFE)","Department of Agricultural Economics, Sociology, and Education, College of Agricultural Sciences",ag-resource-econ,https://aese.psu.edu/graduate/eefe/doctor-of-philosophy-ph-d,https://aese.psu.edu/graduate/eefe/doctor-of-philosophy-ph-d/ph-d-job-placements,https://aese.psu.edu/directory/faculty,"Evidence URL fetched: official aese.psu.edu page describing a currently-offered standalone Ph.D. in Energy, Environmental, and Food Economics with three fields of concentration, housed in AESE / College of Agricultural Sciences — name and department match the claim. Placement URL fetched: shows a pl"
,A-verified,uc_davis,uc_davis-are,PhD in Agricultural and Resource Economics,"Department of Agricultural and Resource Economics, College of Agricultural and Environmental Sciences",ag-resource-econ,https://are.ucdavis.edu/phd/,https://are.ucdavis.edu/phd/past-placements/,https://are.ucdavis.edu/people/faculty/,"All checks pass (verified 2026-07-14). (a) Evidence URL is an official UC Davis ARE department page titled 'Ph.D. - Agricultural and Resource Economics, UC Davis'. (b) Currently-offered PhD: page actively describes the program ('one of the world's top graduate programs in agricultural economics, dev"
,A-verified,uiuc,uiuc-ace-agappecon,PhD in Agricultural and Applied Economics,"Department of Agricultural and Consumer Economics, College of Agricultural, Consumer and Environmental Sciences (ACES)",ag-resource-econ,https://ace.illinois.edu/academics/graduate-degrees/doctor-philosophy-agricultural-and-applied-economics,https://ace.illinois.edu/academics/graduate-degrees/doctor-philosophy-agricultural-and-applied-economics/phd-placements,https://ace.illinois.edu/directory/faculty,"Evidence URL fetched: official ace.illinois.edu page titled 'Doctor of Philosophy in Agricultural and Applied Economics', a currently-offered, STEM-designated doctoral program with its own admissions and milestones (core courses, prelims, dissertation), in the Department of Agricultural and Consumer"
,A-verified,wisconsin,wisconsin-aae,PhD in Agricultural and Applied Economics,"Department of Agricultural and Applied Economics, College of Agricultural & Life Sciences",ag-resource-econ,https://aae.wisc.edu/grad/phd/,https://aae.wisc.edu/grad/placement/,https://aae.wisc.edu/faculty/,"All checks pass. Evidence URL is the official AAE PhD page (currently offered, 51-credit doctoral program using the Economics dept core plus AAE applied fields, College of Agricultural & Life Sciences). Placement URL shows detailed PhD placements by year 2000-2026 (e.g., 2026: postdoc MIT then Asst "
,A-verified,yale,yale-yse-enre,PhD in Environment - Environmental and Natural Resource Economics (ENRE),Yale School of the Environment,ag-resource-econ,https://resources.environment.yale.edu/groups/enre/phd-opportunities/,https://resources.environment.yale.edu/groups/enre/alumni/,https://resources.environment.yale.edu/groups/enre/faculty/,"Evidence URL verified: official YSE page confirming environmental economics faculty accept students into the YSE doctoral program (degree conferred through Yale GSAS), with an active curriculum taken partly alongside Economics PhD students — a real, currently offered doctoral pathway separate from t"
,A-verified,chicago,chicago-harris-publicpolicy,PhD in Public Policy (Harris School of Public Policy),Harris School of Public Policy,policy-econ,https://harris.uchicago.edu/academics/degrees/phd,https://harris.uchicago.edu/findtalent/phdsonthejobmarket/previous-placements,https://harris.uchicago.edu/directory,"Evidence page fetched: official Harris page describing a currently-offered PhD in Public Policy with its own admissions; the micro/econometrics/political-economy core quote verified. Faculty URL fetched: functioning Harris directory with faculty roster and role filters (e.g., Scott Ashworth, Katheri"
,A-verified,chicago,chicago-political-economy,PhD in Political Economy (Harris School + Department of Political Science),Harris School of Public Policy and Department of Political Science (Division of the Social Sciences),policy-econ,https://politicaleconomy.uchicago.edu/,,https://politicaleconomy.uchicago.edu/faculty,"Evidence page fetched: official uchicago.edu subdomain describing an active joint PhD with faculty from Political Science and Harris and a single direct application. Faculty URL fetched: genuine roster of 24+ faculty (Ashworth, Berry, Blattman, Myerson, Robinson; Gehlbach listed as program director)"
,A-verified,columbia,columbia-sipa-sustdev,PhD in Sustainable Development (SIPA),School of International and Public Affairs (SIPA); degree conferred by GSAS,policy-econ,https://www.sipa.columbia.edu/sipa-education/phd-sustainable-development,https://www.sipa.columbia.edu/sipa-education/doctoral-program/alumni-placements,,"Direct fetches of sipa.columbia.edu return HTTP 403 (Cloudflare bot-blocking, not a 404), so verified via Google-indexed official SIPA pages with exact URL/title matches. Evidence URL confirmed to exist as 'PhD In Sustainable Development | Columbia SIPA'; program details independently confirmed from"
,A-verified,harvard,harvard-hks-ppol,PhD in Public Policy (PPOL),Harvard Kennedy School,policy-econ,https://www.hks.harvard.edu/educational-programs/doctoral-programs/phd-public-policy,https://www.hks.harvard.edu/educational-programs/doctoral-programs/phd-public-policy/ppol-phd-dissertations-and-job-placements,https://www.hks.harvard.edu/faculty-profiles,"All three URLs fetched successfully. Evidence URL: official HKS page for a currently-offered PhD in Public Policy with four tracks (Economics; Judgment and Decision Making; Politics and Institutions; Science, Technology and Policy Studies), applications submitted via Harvard Griffin GSAS. Placement "
,A-verified,berkeley,berkeley-health-policy,PhD in Health Policy,School of Public Health (Health Policy and Management Division),health-econ,https://publichealth.berkeley.edu/academics/programs/health-policy-phd,,,"Program confirmed on the official Berkeley Public Health page: standalone, quantitatively oriented PhD with its own admissions (~85 applications/year, ~8 offers, ~4 matriculants, 10% acceptance rate), degree granted by the Graduate Division. All three claimed specialty tracks verified (Health Econom"
,A-verified,harvard,harvard-health-policy,PhD in Health Policy (Economics concentration),"Harvard-wide interfaculty program (FAS, HBS, HKS, HLS, HMS, Harvard Chan School; degree via Harvard Griffin GSAS)",health-econ,https://gsas.harvard.edu/program/health-policy,https://healthpolicy.fas.harvard.edu/alumni,https://healthpolicy.fas.harvard.edu/faculty,"Evidence URL fetched: official Harvard Griffin GSAS page for a currently-offered PhD in Health Policy; concentrations confirmed as Decision Sciences | Economics | Management | Methods for Policy Research | Political Analysis; participating schools confirmed as FAS, HBS, HKS, HLS, HMS, Harvard T.H. C"
,A-verified,minnesota,minnesota-hsrpa,"PhD in Health Services Research, Policy & Administration (HSRP&A)","Division of Health Policy and Management, School of Public Health",health-econ,https://www.sph.umn.edu/academics/graduate/phd/hsrpa/,,https://directory.sph.umn.edu/division/health-policy-management,"Evidence URL fetched and verified: official SPH page for a currently-offered, standalone 'Health Services Research, Policy & Administration PhD' housed in the Division of Health Policy and Management — name and department as claimed. The main page says 'six areas of emphasis' without listing them, s"
,A-verified,penn_state,penn_state-hpa-health-policy,PhD in Health Policy and Administration,"Department of Health Policy and Administration, College of Health and Human Development",health-econ,https://hhd.psu.edu/hpa/graduate/phd-health-policy-and-administration,https://hhd.psu.edu/hpa/graduate/phd-health-policy-and-administration/placements,https://hhd.psu.edu/hpa/graduate/phd-health-policy-and-administration/phd-program-faculty,"Evidence URL fetched: official hhd.psu.edu page describing a currently-offered standalone Ph.D. in Health Policy and Administration (STEM-designated as of Summer 2025) in the Department of Health Policy and Administration, College of Health and Human Development — name and department match. Page con"
,A-verified,stanford,stanford-health-policy,PhD in Health Policy,"Department of Health Policy, Stanford School of Medicine (joint with Freeman Spogli Institute)",health-econ,https://healthpolicy.fsi.stanford.edu/content/phd-health-policy,https://healthpolicy.fsi.stanford.edu/job-market-placement,https://healthpolicy.fsi.stanford.edu/content/phd-faculty,"Fetched all three URLs. Evidence page is official (healthpolicy.fsi.stanford.edu), describes a currently offered standalone 'PhD in Health Policy' with its own admissions (page references the closed 2026-27 application cycle) and three tracks, one of which is Health Economics. Department naming veri"
,A-verified,unc,unc-hpm,PhD in Health Policy and Management,"Department of Health Policy and Management, Gillings School of Global Public Health",health-econ,https://sph.unc.edu/hpm/hpm-degrees-and-certificates/hpm-doctor-of-philosophy-phd-residential/,https://sph.unc.edu/hpm/hpm-phd-graduates-list/,https://sph.unc.edu/hpm/hpm-faculty-and-staff/,"All three URLs fetched and verified. Evidence page is the official Gillings page for the residential 'Doctor of Philosophy (PhD)' in Health Policy and Management — a currently-offered, standalone doctoral program with its own admissions (Fall 2027 cycle referenced) and department funding, not a trac"
,A-verified,upenn,upenn-wharton-hcmg,PhD in Health Care Management & Economics (Wharton),The Wharton School — Health Care Management Department,health-econ,https://hcmg.wharton.upenn.edu/programs/phd/,https://doctoral.wharton.upenn.edu/career-placement/,https://hcmg.wharton.upenn.edu/faculty/faculty-list/,"Evidence URL is a live official Wharton Health Care Management department page describing a currently-offered standalone 'PhD program in Health Care Management and Economics' with its own admissions, providing 'rigorous training in applied economics and management coupled with advanced training in h"
,A-verified,yale,yale-ysph-hpm,PhD in Health Policy and Management (Economics track),"Yale School of Public Health, Department of Health Policy and Management",health-econ,https://ysph.yale.edu/school-of-public-health/graduate-programs/phd-degree/health-policy-management/,,https://ysph.yale.edu/school-of-public-health-faculty/health-policy-and-management/,"Evidence URL verified: official YSPH page for the PhD in Health Policy and Management, currently offered (degree requirements posted for 2026-27 matriculation), typically 4-5 years. Page confirms exactly three specializations — Economics (microeconomics + econometrics plus field courses in behaviora"
,A-verified,columbia,columbia-tc-econ-education,PhD in Economics and Education (Teachers College),"Teachers College, Department of Education Policy & Social Analysis (EPSA)",education-econ,https://www.tc.columbia.edu/education-policy-and-social-analysis/economics-and-education/degrees--requirements/economics-and-education-phd/,https://www.tc.columbia.edu/education-policy-and-social-analysis/economics-and-education/alumni/alumni-employment-outcomes/,https://www.tc.columbia.edu/education-policy-and-social-analysis/economics-and-education/faculty/,"Evidence URL fetched directly and confirmed: official TC page for a currently-offered, full-time, 75-point PhD in Economics and Education within EPSA; Fall entry only, Dec 1, 2025 application deadline; Program Director Alex Eble — matching all claimed details. Faculty URL fetched and confirmed as a "
,A-verified,berkeley,berkeley-haas-realestate,PhD in Business Administration — Real Estate field (Haas),Haas School of Business,real-estate-econ,https://haas.berkeley.edu/phd/academics/real-estate/,https://haas.berkeley.edu/phd/academics/real-estate/placement/,https://haas.berkeley.edu/realestate/faculty/,"Real, separately-applied Haas PhD field, but three fixes. (1) Name corrected: dropped 'Urban Economics track' from the program name — the page states students select one of the two tracks (Finance or Urban Economics) in their SECOND SEMESTER, so admission is to the Real Estate field, not to a track."
,A-verified,wisconsin,wisconsin-wsb-realestate,"Business: Real Estate and Urban Economics, PhD","Department of Real Estate and Urban Land Economics, Wisconsin School of Business",real-estate-econ,https://guide.wisc.edu/graduate/business-school-wide/business-phd/business-real-estate-urban-economics-phd/,https://business.wisc.edu/phd/placements/,https://business.wisc.edu/faculty-research/real-estate/faculty/,"All checks pass. Evidence URL is the official Graduate Guide page with the exact title 'Business: Real Estate and Urban Economics, PhD' (currently offered; 51 credits; Dec 15 fall deadline, no spring/summer admission; micro theory exam, second-year paper, prelim, dissertation). Also listed as a dist"
,A-verified,berkeley,berkeley-gspp,PhD in Public Policy (Goldman School),Goldman School of Public Policy,borderline,https://gspp.berkeley.edu/programs/doctoral-program-phd,,https://gspp.berkeley.edu/research-and-impact/faculty,"Program confirmed: official GSPP doctoral page describes an active, standalone social-science policy PhD admitting 'usually only two or three' applicants per year (matches the claim), training social science researchers with no fixed disciplinary base. Faculty directory verified (Hoynes, Miguel, Anz"
,A-verified,brown,brown-hsr,PhD in Health Services Research,"Department of Health Services, Policy & Practice, School of Public Health",borderline,https://hspp.sph.brown.edu/academics/doctorate,,https://hspp.sph.brown.edu/people/faculty,"Evidence URL verified: official Brown HSPP page describing the 'Ph.D. in Health Services Research', actively recruiting with five years of guaranteed funding, and listing exactly the three claimed focus areas ('Pharmacoepidemiology and Pharmaceutical Health Services Research, Health Economics, and C"
,A-verified,caltech,caltech-sdn,PhD in Social and Decision Neuroscience (SDN),"Division of the Humanities and Social Sciences (HSS), T&C Chen Center for Social and Decision Neuroscience",borderline,https://www.hss.caltech.edu/graduate-studies/social-and-decision-neuroscience-phd-program,https://www.hss.caltech.edu/graduate-studies/alumni,https://www.hss.caltech.edu/graduate-studies/social-and-decision-neuroscience-phd-program/faculty,All checks pass. Evidence URL is a live official Caltech HSS page describing the 'Social and Decision Neuroscience PhD Program' as a standalone PhD in the Division of the Humanities and Social Sciences with its own dedicated Requirements/Admissions/Faculty pages — not a track of the Social Sciences 
,A-verified,chicago,chicago-booth-finecon,Joint PhD Program in Financial Economics (Booth + Kenneth C. Griffin Department of Economics),Chicago Booth School of Business and Kenneth C. Griffin Department of Economics,borderline,https://financialeconomics.uchicago.edu/,https://financialeconomics.uchicago.edu/employment-after-graduation/,,"Evidence page fetched: official uchicago.edu subdomain confirming the joint program 'was established in 2006 and is run jointly by the Finance dissertation area at Chicago Booth and the Kenneth C. Griffin Department of Economics' and is currently active (current students, recent graduates listed). A"
,A-verified,chicago,chicago-booth-econometrics-stats,PhD in Econometrics and Statistics (Chicago Booth Stevens Doctoral Program),University of Chicago Booth School of Business,borderline,https://www.chicagobooth.edu/phd/dissertation-areas/econometrics-and-statistics,https://www.chicagobooth.edu/phd/career-outcomes,,"Evidence page fetched: official chicagobooth.edu page describing a currently-offered Econometrics and Statistics dissertation area within the Stevens Doctoral Program; topics match the claim (econometrics, causal inference, financial econometrics, Bayesian stats, ML). Placement URL fetched: career-o"
,A-verified,harvard,harvard-gse-education,PhD in Education (Education Policy and Program Evaluation concentration),Harvard Graduate School of Education (degree via Harvard Griffin GSAS),borderline,https://www.gse.harvard.edu/degrees/phd,,https://www.gse.harvard.edu/degrees/phd/faculty,"Evidence URL fetched: official HGSE page for a currently-offered Ph.D. in Education, 'Offered jointly by the Harvard Graduate School of Education and the Harvard Kenneth C. Griffin Graduate School of Arts and Sciences', with three concentrations including Education Policy and Program Evaluation (EPP"
,A-verified,minnesota,minnesota-humphrey-pubaff,PhD in Public Affairs,Hubert H. Humphrey School of Public Affairs,borderline,https://www.hhh.umn.edu/doctor-philosophy-phd-public-affairs,,https://www.hhh.umn.edu/directory,"Evidence URL fetched and verified: official Humphrey School page for a currently-offered, standalone (highly selective) PhD in Public Affairs with exactly the four claimed specializations (Public Policy; Urban Planning; Management and Governance; Science, Technology, and Environmental Policy) and no"
,A-verified,northwestern,northwestern-sesp-hdsp,PhD in Human Development and Social Policy (HDSP),School of Education and Social Policy (SESP),borderline,https://sesp.northwestern.edu/graduate-professional/human-development-social-policy/phd-human-development-and-social-policy/,https://sesp.northwestern.edu/graduate-professional/human-development-social-policy/phd-alumni.html,https://sesp.northwestern.edu/graduate-professional/human-development-social-policy/faculty.html,"All three URLs verified. Evidence URL is an official SESP page describing a currently-offered 'PhD in Human Development & Social Policy' at Northwestern's School of Education and Social Policy, explicitly interdisciplinary and drawing on economics among anthropology, political science, psychology, a"
,A-verified,nyu,nyu-wagner-public-admin,PhD in Public Administration (Wagner),Robert F. Wagner Graduate School of Public Service,borderline,https://bulletins.nyu.edu/graduate/public-service/programs/public-administration-phd/,https://wagner.nyu.edu/education/degrees/doctorate-public-administration/alumni,https://wagner.nyu.edu/community/faculty/directory,Program is real and currently offered; corrected by filling the previously-null faculty and placement URLs. Checks (2026-07-14): (1) Bulletin evidence URL verified — official NYU page describing the currently-offered 72-credit PhD in Public Administration at Wagner with two fields from Management/Pu
,A-verified,princeton,princeton-spia-publicaffairs,PhD in Public Affairs (SPIA),Princeton School of Public and International Affairs (SPIA),borderline,https://spia.princeton.edu/graduate-admissions/phd-public-affairs,,https://spia.princeton.edu/research-faculty-centers/faculty-directory,"Evidence URL fetched live: official SPIA page describing a currently-offered Ph.D. in Public Affairs, two clusters (Security Studies; STEP), ~8 students/year, Dec 1 deadline, full funding — name and school stated exactly as claimed. Faculty directory URL fetched live: official SPIA roster showing 25"
,A-verified,princeton,princeton-opr-popstudies,PhD in Population Studies (PIPS),"Office of Population Research (OPR), Princeton University",borderline,https://opr.princeton.edu/graduate-program/phd-population-studies-pips,https://opr.princeton.edu/people/alumni,https://opr.princeton.edu/people/faculty,"All three opr.princeton.edu URLs return HTTP 403 to automated fetchers (both WebFetch and curl with browser UA), as the claiming agent noted; gradschool.princeton.edu also 403s. Independently verified via Wayback Machine snapshots: evidence URL (snapshot 2025-09-11) is the official 'Ph.D. in Populat"
,A-verified,rochester,rochester-health-services-research,PhD in Health Services Research and Policy,"Department of Public Health Sciences, School of Medicine and Dentistry (URMC)",borderline,https://www.urmc.rochester.edu/education/graduate/phd/health-services-research-policy/about-the-program,,https://www.urmc.rochester.edu/education/graduate/phd/health-services-research-policy/faculty-students/faculty,"All checks pass. (a) evidence_url is a live official URMC page titled 'About the Program - Health Services Research and Policy - Doctor of Philosophy (Ph.D.)'. (b) It is a distinct, currently-offered standalone PhD (not a master's or a track of the econ PhD); admissions are paused for the 2025-2026 "
,A-verified,ucla,ucla-fielding-hpm,PhD in Health Policy and Management,"Department of Health Policy and Management, UCLA Fielding School of Public Health",borderline,https://ph.ucla.edu/degree-programs/doctorate-philosophy/phd-health-policy-and-management,,https://ph.ucla.edu/about/faculty-staff-directory?type=faculty&department%5B0%5D=89&page=1,"Evidence URL fetched: official UCLA Fielding School of Public Health page describing a currently-offered Doctor of Philosophy in Health Policy and Management (17 courses/70 units, written qualifying exam, dissertation; master's degree with 3.5+ GPA recommended for admission) — a genuine standalone P"
,A-verified,ucsd,ucsd-rady-mgmt,PhD in Management (Economics and Strategy area),Rady School of Management,borderline,https://rady.ucsd.edu/programs/phd/index.html,https://rady.ucsd.edu/programs/phd/phd-alumni.html,https://rady.ucsd.edu/programs/phd/faculty-research.html,"All checks pass. (a) Evidence URL is the official Rady School of Management PhD page at rady.ucsd.edu and loads correctly. (b) It describes a currently offered, full-time doctoral program with its own Rady admissions (4-5 years to degree), not a track of the Economics Department PhD and not a master"
,A-verified,unc,unc-publicpolicy,PhD in Public Policy,"Department of Public Policy, College of Arts and Sciences",borderline,https://publicpolicy.unc.edu/ph-d/,https://publicpolicy.unc.edu/academics/graduate-program/job-market-candidates/,https://publicpolicy.unc.edu/who-we-are/core-faculty/,"All three URLs fetched and verified. Evidence page is the official UNC Department of Public Policy Ph.D. page in the College of Arts and Sciences; program is currently offered and standalone (not a track of the econ PhD), hosting 'approximately thirty students' — matching the claimed ~30. Listed pol"
,A-verified,utaustin,utaustin-lbj-publicpolicy,Ph.D. in Public Policy (LBJ School),LBJ School of Public Affairs,borderline,https://lbj.utexas.edu/phd-public-policy,https://lbj.utexas.edu/phd-placements,https://lbj.utexas.edu/faculty,"All checks pass. Evidence URL is an official lbj.utexas.edu page describing a currently-offered doctoral program named exactly 'Ph.D. in Public Policy' at the LBJ School of Public Affairs, UT Austin — established 1992, ~35 students, 5-year design, core of Foundations of Public Policy plus a two-seme"
,A-verified,wisconsin,wisconsin-wsb-finance-econ,Finance (Business) and Economics Joint PhD,Wisconsin School of Business (Finance) and Department of Economics,borderline,https://business.wisc.edu/phd/finance-economics/,https://business.wisc.edu/phd/placements/,,"Evidence URL is a live official WSB page ('PhD in Finance and Economics', styled 'Finance (Business) & Economics—Joint Degree'; academic director Dean Corbae) confirming a currently-offered joint doctoral offering requiring students to meet ALL requirements of both the Economics PhD and the WSB Fina"
,A-verified,wisconsin,wisconsin-sohe-cbfe,"Human Ecology: Consumer Behavior and Family Economics, PhD","Department of Consumer Science, School of Human Ecology",borderline,https://humanecology.wisc.edu/academics/graduate-programs/consumer-behavior-family-economics/,,,"Real, currently-offered program; name corrected to the official Graduate Guide title 'Human Ecology: Consumer Behavior and Family Economics, PhD'. Evidence URL is the official School of Human Ecology CBFE page (lists 9 faculty, 15 current students, career outcomes in academia/government/applied rese"
,A-verified,yale,yale-som-finecon,Yale SOM Doctoral Program - Financial Economics specialization,Yale School of Management,borderline,https://som.yale.edu/programs/phd/overview/finance,https://som.yale.edu/programs/phd/overview/finance/recent-graduates-and-current-students,,"Evidence URL verified: official Yale SOM doctoral-program page; specialization is named 'Financial Economics' as claimed, currently offered, with core coursework taken through the Department of Economics (micro, macro, uncertainty, econometrics) plus two financial-theory courses and a seminar. It is"
,B-unverified,bostonu,bostonu-questrom-busecon,PhD in Business Economics (Questrom),Questrom School of Business (with CAS Department of Economics),business-econ,https://www.bu.edu/academics/questrom/programs/phd-in-business-economics/,,https://www.bu.edu/questrom/faculty/academic-departments/markets-public-policy-law/,"Distinct doctoral program with its own admissions through Questrom (one of Questrom's two PhD programs alongside the PhD in Business Administration, per https://www.bu.edu/questrom/phd-program/). Newly launched (announced/launched ~2025 per Questrom Insights article); fully funded. Students take cor"
,B-unverified,indiana,indiana-kelley-bepp,PhD in Business Economics & Public Policy (Kelley School of Business),"Kelley School of Business, Department of Business Economics & Public Policy (BEPP)",business-econ,https://kelley.iu.edu/faculty-research/departments/business-economics-public-policy/phd/index.html,https://kelley.iu.edu/faculty-research/departments/business-economics-public-policy/phd/alumni/index.html,https://kelley.iu.edu/faculty-research/departments/business-economics-public-policy/faculty/index.html,"Economics-based doctoral program in applied microeconomics; distinct Kelley PhD major with its own admissions (1-2 students/year, ~20 research faculty). Explicitly aims to place graduates at business schools, econ departments, and policy institutions. Has its own job-market-candidates page (kelley.i"
,B-unverified,michigan,michigan-ross-busecon,Joint PhD in Business and Economics (Ross),Stephen M. Ross School of Business (joint with LSA Department of Economics),business-econ,https://michiganross.umich.edu/phd/areas-of-study/business-economics,https://michiganross.umich.edu/phd/areas-of-study/business-economics,https://michiganross.umich.edu/faculty-research/areas-of-study/business-economics-public-policy,"Five-year joint doctoral degree between Ross and the LSA Department of Economics; admissions run through the Ross PhD program (Business Economics area), separate from LSA econ admissions. Students complete the econ core (micro/macro theory, econometrics) plus business economics courses; prepares gra"
,B-unverified,cornell,cornell-dyson-aem,PhD in Applied Economics and Management (Dyson School),"Charles H. Dyson School of Applied Economics and Management, Cornell SC Johnson College of Business",ag-resource-econ,https://business.cornell.edu/programs/ph-d-in-applied-economics-and-management/,https://business.cornell.edu/admissions/graduate/phd/aem/for-hire/,https://dyson.cornell.edu/faculty-research/search/,"Distinct graduate field (Applied Economics and Management) with its own admissions, fully funded, STEM-designated. Four concentrations: Environmental, Energy and Resource Economics; Food and Agricultural Economics; International and Development Economics; Strategy and Business Economics — so it doub"
,B-unverified,duke,duke-upep-envpolicy,"PhD in Environmental Policy (University Program in Environmental Policy, UPEP)",Nicholas School of the Environment & Sanford School of Public Policy (jointly administered),ag-resource-econ,https://gradschool.duke.edu/academics/programs-degrees/environmental-policy/,,https://nicholas.duke.edu/academics/doctoral-programs/university-program-environmental-policy-upep,"Distinct 5-year PhD with its own admissions, jointly run by the environment and public policy schools (the only such joint program in the US). Applicants must declare one of two concentrations at application: environmental economics or environmental politics. Economics-track students take the Duke E"
,B-unverified,georgia,georgia-agecon,PhD in Agricultural and Applied Economics,"Department of Agricultural & Applied Economics, College of Agricultural & Environmental Sciences",ag-resource-econ,https://agecon.uga.edu/graduate/programs-of-study/phd-program.html,https://agecon.uga.edu/graduate/recent-placements.html,https://agecon.uga.edu/people/faculty.html,"Distinct department with own admissions. Fields: applied economics and environmental economics (ag marketing/consumer demand, production econ, natural resource & environmental econ, trade & development). Placements page lists PhD outcomes 2016-2025 including assistant professorships, World Bank, CDC"
,B-unverified,michigan_state,michigan_state-afre,"PhD in Agricultural, Food, and Resource Economics","Department of Agricultural, Food, and Resource Economics, College of Agriculture and Natural Resources",ag-resource-econ,https://www.canr.msu.edu/afre/graduate/Ph.D.-Degree/index,https://www.canr.msu.edu/afre/graduate/recent_placements,https://www.canr.msu.edu/afre/people/,Distinct department and PhD with its own admissions (registrar code AFRECO_PHD). Major fields: Development Economics; Environmental and Resource Economics; Food and Agricultural Economics; Regional Economics and State/Local Government Policy. Core micro theory and econometrics courses are taken in t
,B-unverified,ohio_state,ohio_state-aede,"PhD in Agricultural, Environmental and Development Economics (AEDE)","Department of Agricultural, Environmental, and Development Economics, College of Food, Agricultural, and Environmental Sciences",ag-resource-econ,https://aede.osu.edu/graduate/phd-program,https://aede.osu.edu/graduate/phd-program/phd-alumni-careers,https://aede.osu.edu/our-people/faculty,"Fully distinct PhD with its own admissions (min 90 credit hours; students attend the Economics Department's July math camp). Fields: agricultural policy/trade, environmental and natural resource economics, development economics, regional economics, experimental economics. Runs its own job-market-can"
,B-unverified,purdue,purdue-agecon,PhD in Agricultural Economics,"Department of Agricultural Economics, College of Agriculture",ag-resource-econ,https://ag.purdue.edu/department/agecon/graduate_program/phd-program.html,https://ag.purdue.edu/department/agecon/graduate_program/career_placement.html,https://ag.purdue.edu/department/agecon/directory.html,"Distinct department and PhD program with its own admissions, separate from the Daniels School economics PhD. Core theory sequence shares ECON courses (ECON 60600/60700/60900/61500) plus AGEC field courses. Placement page lists PhD projects, advisors, and placements 2009-2024 (academia incl. Kansas S"
,B-unverified,texas_am,texas_am-agecon,PhD in Agricultural Economics,"Department of Agricultural Economics, College of Agriculture and Life Sciences",ag-resource-econ,https://agecon.tamu.edu/ph-d-agricultural-economics/,https://agecon.tamu.edu/graduate-student-placement/,https://agecon.tamu.edu/people/,"Large, distinct STEM-designated PhD program with its own admissions (GRE required); ~150 grad students, 50+ graduate faculty. Field areas: Agribusiness, Applied Market Analysis, and Natural Resource and Environmental Economics. Placement page covers PhD and MS placements 2017-18 through 2024-25 (aca"
,B-unverified,uconn,uconn-are,PhD in Agricultural and Resource Economics,"Department of Agricultural and Resource Economics, College of Agriculture, Health and Natural Resources",ag-resource-econ,https://are.uconn.edu/phd/,https://are.uconn.edu/phd-job-placement/,https://are.uconn.edu/people/,"STEM-designated PhD, distinct department and admissions from the main econ dept (~34 PhD students). Applied economics focus on natural resources, environment, agriculture, food, and development. Dedicated placement page lists academic (assistant professorships), government (USDA, EPA, Federal Reserv"
,B-unverified,umass,umass-resource-economics,PhD in Resource Economics,"Department of Resource Economics, College of Social & Behavioral Sciences",ag-resource-econ,https://www.umass.edu/resource-economics/academics/graduate/programs,https://www.umass.edu/resource-economics/academics/graduate/placements,https://www.umass.edu/resource-economics/about/directory/faculty,"Fully separate department and PhD with its own admissions (5-year, STEM-designated). Fields: environmental/natural resource economics, empirical industrial organization, applied econometrics, experimental/behavioral, health economics. Maintains a job-market candidates page (https://www.umass.edu/res"
,B-unverified,virginia_tech,virginia_tech-aaec,"Ph.D. in Economics, Agriculture (Agricultural and Applied Economics)","Department of Agricultural and Applied Economics, College of Agriculture and Life Sciences",ag-resource-econ,https://aaec.vt.edu/academics/graduate/phd.html,https://aaec.vt.edu/academics/graduate/job-placement.html,https://aaec.vt.edu/people/faculty.html,"STEM-certified PhD administered jointly by AAEC and the Department of Economics, but with separate admissions through AAEC and its own graduate program director (Chunbei Wang). Official degree designation per the 2025 Student Planning Guide is 'Ph.D. Economics, Agriculture' (sometimes styled Economi"
,B-unverified,carnegie_mellon,carnegie_mellon-econ-public-policy,Joint PhD in Economics and Public Policy,Tepper School of Business and Heinz College (joint),policy-econ,https://www.cmu.edu/tepper/programs/phd/joint-phd-programs/economics-and-public-policy,https://www.cmu.edu/tepper/programs/phd/job-market,https://www.cmu.edu/tepper/faculty-and-research/faculty-by-area/economics.html,"Distinct joint degree (PhD in Economics and Public Policy) run by Tepper and Heinz; students matriculate through either school (interest indicated on the Heinz application; also listed among Tepper joint PhDs). Qualifying exams in micro, macro, econometrics, and public economics; emphasis on labor, "
,B-unverified,cornell,cornell-brooks-publicpolicy,PhD in Public Policy (Brooks School),Cornell Jeb E. Brooks School of Public Policy,policy-econ,https://www.publicpolicy.cornell.edu/phd/,https://www.publicpolicy.cornell.edu/phd/our-students/student-placements/,https://www.publicpolicy.cornell.edu/phd/program-of-study/graduate-faculty-field-of-public-policy/,Successor to Cornell's well-known Policy Analysis and Management (PAM) PhD after the Brooks School's creation; the school's undergrad PAM major became Public Policy in 2023 and the doctoral program is now the PhD in Public Policy. Heavily economics-flavored: field faculty of 60+ include economists J
,B-unverified,michigan,michigan-ford-public-policy-econ,Joint PhD in Public Policy and Economics (Ford School),Gerald R. Ford School of Public Policy (joint with LSA Department of Economics),policy-econ,https://fordschool.umich.edu/phd/public-policy-and-economics,https://fordschool.umich.edu/phd/placements,https://fordschool.umich.edu/faculty-expertise,"One of three Ford School joint PhDs (economics, political science, sociology variants). Admissions run through the Ford School (Dec 1 deadline), separate from LSA econ admissions; students become full members of the econ department, take the complete econ PhD theory/econometrics core, select public "
,B-unverified,emory,emory-hsrhp,PhD in Health Services Research and Health Policy (Economics Track),"Department of Health Policy and Management, Rollins School of Public Health (degree via Laney Graduate School)",health-econ,https://sph.emory.edu/degrees-programs/phd/health-services-research-health-policy,,https://sph.emory.edu/faculty-directory,"Distinct PhD program with its own admissions (application via Laney Graduate School, Dec 1 deadline). Two tracks: an economics track, in which students take doctoral courses in the Department of Economics alongside econ PhD students and apply economic theory to health/health policy questions, and an"
,B-unverified,jhu,jhu-hpm-health-econ,PhD in Health Policy and Management (Health Economics and Policy concentration),"Department of Health Policy and Management, Bloomberg School of Public Health",health-econ,https://e-catalogue.jhu.edu/public-health/departments/health-policy-management/health-policy-management-phd/,,https://publichealth.jhu.edu/departments/health-policy-and-management/people/faculty,"Distinct full-time residential PhD with its own admissions (SOPHAS, Dec 1 deadline), separate from the Krieger econ PhD. Four concentrations; the Health Economics and Policy concentration (director: Matthew Eisenberg) requires the Advanced Health Economics I-IV sequence and PhD-level courses in the "
,B-unverified,michigan,michigan-sph-hsop,"PhD in Health Services Organization and Policy (HSOP), Economics cognate","Department of Health Management and Policy, School of Public Health",health-econ,https://sph.umich.edu/hmp/programs/phd.html,https://sph.umich.edu/hmp/phdstudents/phd-job-market.html,https://sph.umich.edu/faculty-profiles/index.html?department=Health+Management+and+Policy,"Distinct interdisciplinary PhD with its own admissions via SPH; applicants declare a disciplinary cognate at application. Economics is one of six cognates (economics, finance, OR/decision science, political science, quantitative methods, sociology/organizational studies), so only the economics-cogna"
,B-unverified,usc,usc-mann-healthecon,PhD in Health Economics (USC Mann School of Pharmacy),"Department of Pharmaceutical and Health Economics, USC Alfred E. Mann School of Pharmacy and Pharmaceutical Sciences",health-econ,https://mann.usc.edu/program/phd-in-health-economics/,,https://pharmacyschool.usc.edu/research-faculty/faculty-directory/?faculty_department=department-of-pharmaceutical-and-health-economics,"Distinct PhD with its own admissions (deadline Jan 15). Training in microeconomics, econometrics, welfare economics, public finance, health economics; affiliated with the Leonard D. Schaeffer Center for Health Policy & Economics. Fully funded 5 years. Appears in USC catalogue under both 'Health Econ"
,B-unverified,vanderbilt,vanderbilt-health-policy,PhD in Health Policy (Health Policy & Health Services Research),"Department of Health Policy, Vanderbilt University Medical Center / School of Medicine",health-econ,https://www.vumc.org/health-policy/phd-program,,https://www.vumc.org/health-policy/faculty-and-staff,"Full-time, fully funded 72-credit, 4-year PhD admitted through the Vanderbilt Graduate School (deadline Dec 15), distinct from the econ department. Students choose one of three disciplinary sequences: epidemiology, ECONOMICS, or social sciences (curriculum page confirms Health Economics and Decision"
,B-unverified,bostonu,bostonu-sph-hspr,PhD in Health Services and Policy Research,"School of Public Health, Department of Health Law, Policy & Management",borderline,https://www.bu.edu/sph/education/degrees-and-programs/doctor-of-philosophy-phd/doctor-of-philosophy-in-health-services-and-policy-research/,,https://www.bu.edu/sph/about/departments/health-law-policy-and-management/,"Economics-heavy health services research PhD, not econ-branded: one of its three doctoral training tracks is 'health policy and economics', core coursework includes health economics, and students can take courses in the Economics dept and Questrom. Program director Steven Pizer is a health economist"
,B-unverified,bostonu,bostonu-earth-environment,PhD in Earth & Environment,"Department of Earth & Environment, Graduate School of Arts & Sciences",borderline,https://www.bu.edu/earth/graduate/phd-earth-environment/,,https://www.bu.edu/earth/people/,"Broad earth/environmental science PhD, NOT economics-branded, but it houses BU's energy/environmental economists via its 'Environmental Analysis & Policy' specialization (e.g., Ian Sue Wing), and a minority of dissertations are pure economics (e.g., 'Essays on the Economics of Decarbonization: Inves"
,B-unverified,carnegie_mellon,carnegie_mellon-heinz-ppm,PhD in Public Policy and Management,Heinz College of Information Systems and Public Policy,borderline,https://www.heinz.cmu.edu/programs/phd-programs/public-policy-management,https://www.heinz.cmu.edu/programs/phd-programs/phd-placements,https://www.heinz.cmu.edu/faculty-research/profiles/,"General quantitative policy PhD, not economics-branded, but with specializations including health economics and policy, labor economics, and energy/environmental policy, and recent graduates placed at economics-flavored employers (Congressional Budget Office, US Census Bureau Center for Economic Stu"
,B-unverified,cornell,cornell-johnson-sbe,PhD in Management — Strategy and Business Economics concentration (Johnson),"Samuel Curtis Johnson Graduate School of Management, Cornell SC Johnson College of Business",borderline,https://business.cornell.edu/programs/phd-in-management-strategy-and-business-economics-concentration/,,https://business.cornell.edu/faculty-research/areas/strategy-and-business-economics/,"Econ-branded ('Business Economics') but structurally ambiguous: it is a concentration inside Johnson's PhD in Management (own admissions, fully funded 5 years; research in IO, behavioral, labor, organizational economics), NOT a freestanding business-econ PhD like Wharton AppEcon or Harvard BE. Moreo"
,B-unverified,cornell,cornell-weill-pophealth,PhD in Population Health Sciences (Weill Cornell),"Department of Population Health Sciences, Weill Cornell Graduate School of Medical Sciences (NYC)",borderline,https://phs.weill.cornell.edu/education/phd-program,,https://phs.weill.cornell.edu/education/phd-program/program-faculty,Interdisciplinary population health PhD (with MSK partnership) in which 'health policy and economics' is one of the core training areas via the department's Health Policy & Economics division — but there is NO formal economics track and the degree is not econ-branded. The HPE alumni-outcomes page co
,B-unverified,cornell,cornell-regional-science,PhD in Regional Science,"Department of City and Regional Planning, College of Architecture, Art, and Planning (AAP)",borderline,https://catalog.cornell.edu/programs/regional-science-phd/,,,"Long-running distinct graduate field (70+ PhDs conferred) in spatial economics: concentrations include multiregional economic analysis, urban and regional economics, location theory. Quantitatively econ-heavy and some grads work as regional/urban economists, but the discipline is regional science, n"
,B-unverified,duke,duke-sanford-publicpolicy,PhD in Public Policy (Sanford School),Sanford School of Public Policy,borderline,https://sanford.duke.edu/academics/doctoral-program/,https://sanford.duke.edu/academics/doctoral-program/phd-job-placements/,https://sanford.duke.edu/sanford-faculty/,"Distinct PhD with its own admissions (began 2007). Not econ-branded overall: students must choose a disciplinary concentration in economics, political science, psychology, or sociology, plus a policy focus (social, global, health, environmental policy). Economics-concentration students take econ dep"
,B-unverified,georgia,georgia-fhce,"PhD in Financial Planning, Housing and Consumer Economics","Department of Financial Planning, Housing and Consumer Economics, College of Family and Consumer Sciences",borderline,https://www.fcs.uga.edu/fhce/graduate-ph.d,https://www.fcs.uga.edu/fhce/graduate-careers,https://www.fcs.uga.edu/people/dept/1/34,"Distinct PhD with own admissions; concentrations in Consumer Economics, Financial Planning, and Housing Management & Policy. Economics-branded (consumer economics) and its careers page lists recent PhD placements (e.g., assistant professorships), but most grads place in financial-planning/consumer-s"
,B-unverified,georgia,georgia-hsrp,PhD in Health Services Research and Policy,"Department of Health Policy & Management, College of Public Health",borderline,https://publichealth.uga.edu/degree/phd-in-health-services-research-policy/,,https://publichealth.uga.edu/departments/health-policy-management/faculty/,"Distinct, relatively new PhD (program code PHD_HSRP). Grad-school page lists health economics among target career fields and the department has health economics faculty, but the program has no explicit economics track (elective concentrations listed are gerontology, global health, disaster preparedn"
,B-unverified,indiana,indiana-oneill-pubaffairs,PhD in Public Affairs (O'Neill School),"Paul H. O'Neill School of Public and Environmental Affairs, IU Bloomington",borderline,https://oneill.indiana.edu/doctoral/degrees/public-affairs/index.html,https://oneill.indiana.edu/doctoral/recent-placements/index.html,https://oneill.indiana.edu/faculty-research/directory/index.html,"Distinct doctoral program (~16 admits/year across four fields: Environmental Policy, Public Finance, Public Management, Public Policy Analysis). The Public Finance and Public Policy Analysis fields are economics-heavy (O'Neill has many PhD economists in public finance/environmental econ), and some g"
,B-unverified,jhu,jhu-ih-health-systems,"PhD in International Health (Health Systems concentration, Global Health Economics specialization)","Department of International Health, Bloomberg School of Public Health",borderline,https://e-catalogue.jhu.edu/public-health/departments/international-health/international-health-phd/,,https://publichealth.jhu.edu/departments/international-health/people/faculty/primary-faculty-within-the-health-systems-program-area/,"Applicants apply directly to one of four concentrations, so Health Systems has its own admissions. The concentration hosts a Global Health Economics faculty area (https://publichealth.jhu.edu/departments/international-health/programs/program-areas/health-systems/global-health-economics) and a health"
,B-unverified,michigan_state,michigan_state-education-policy,PhD in Education Policy (Economics of Education specialization),"Department of Educational Administration, College of Education",borderline,https://education.msu.edu/ead/ed-policy-phd/economics-education/,,,"Distinct PhD with its own admissions (registrar code EDPOL1_PHD; see https://reg.msu.edu/academicprograms/ProgramDetail.aspx?Program=EDPOL1_PHD). The degree is Education Policy, not economics, but it hosts a Doctoral Specialization in the Economics of Education with doctoral-level economics and econ"
,B-unverified,ohio_state,ohio_state-glenn-pubpolicy,PhD in Public Policy and Management (John Glenn College),John Glenn College of Public Affairs,borderline,https://glenn.osu.edu/graduate-programs/doctoral-program,https://glenn.osu.edu/graduate-programs/doctoral-program/doctoral-job-candidates-and-placements,https://glenn.osu.edu/faculty,"Distinct PhD with its own admissions. Curriculum draws on economics, political science, and sociology rather than being explicitly economics-branded (closer to a general public affairs PhD than Cornell PAM/Harvard PEG). Maintains its own doctoral job candidates and placements page; placements are mo"
,B-unverified,pittsburgh,pittsburgh-hsrp,PhD in Health Services Research and Policy,"Department of Health Policy and Management, School of Public Health",borderline,https://www.publichealth.pitt.edu/hpm/degree-programs/health-services-research-and-policy-phd-program,,https://www.publichealth.pitt.edu/hpm/directory,"Distinct PhD with its own admissions (72 credits) in the Dept of Health Policy and Management. Not formally an economics-track program, but requires health economics coursework and econometrics/quasi-experimental methods; PhD program is directed by health economists (Lindsay Sabik, Coleman Drake) an"
,B-unverified,texas_am,texas_am-hsr,PhD in Health Services Research,School of Public Health (Department of Health Policy and Management),borderline,https://catalog.tamu.edu/graduate/colleges-schools-interdisciplinary/public-health/interdepartmental/health-services-research-phd/,,,"Distinct PhD with its own admissions (admits Fall of odd years only). Not economics-branded overall, but every student must choose one of two cognates: (1) health economics or (2) health politics and policy; the health economics cognate trains health economists (advanced health economics, cost-effec"
,B-unverified,uc_irvine,uc_irvine-transportation-science,Ph.D. in Transportation Science,"Institute of Transportation Studies (interdisciplinary: Civil & Environmental Engineering, Economics, Urban Planning & Public Policy)",borderline,https://transci.uci.edu/program_phd.html,https://transci.uci.edu/node/54.html,https://transci.uci.edu/faculty.html,"Distinct interdisciplinary PhD (also listed in UCI catalogue under Interdisciplinary Studies) with its own admissions, not a track of the econ PhD. Economics dept is a core participating unit and students must take graduate urban/transportation economics coursework; econ faculty (e.g., Jan Brueckner"
,B-unverified,uc_santa_barbara,uc_santa_barbara-bren-esm,PhD in Environmental Science and Management (Bren School),Bren School of Environmental Science & Management,borderline,https://bren.ucsb.edu/phd-environmental-science-and-management,,https://bren.ucsb.edu/people/faculty,"Distinct doctoral program with its own admissions, but NOT economics-branded (interdisciplinary environmental science/management). Included as borderline because Bren houses a strong environmental/resource economics faculty group (Christopher Costello, Kyle Meng, Andrew Plantinga; Olivier Deschenes "
,B-unverified,uic,uic-sph-hpa,"PhD in Public Health, Health Policy and Administration concentration","Division of Health Policy and Administration, School of Public Health",borderline,https://publichealth.uic.edu/academics/public-health-degrees/phd-public-health-degrees/phd-health-policy-administration/,,https://publichealth.uic.edu/health-policy-administration/faculty-hpa/,"Students are admitted directly into the HPA concentration of the PhD in Public Health (separate admissions from the Community Health Sciences concentration). No formally branded economics track, but the curriculum requires Advanced Topics in Health Economics with electives in Health Economics I, eco"
,B-unverified,usc,usc-marshall-fbe,PhD in Finance and Business Economics (USC Marshall),"Department of Finance and Business Economics (FBE), USC Marshall School of Business",borderline,https://www.marshall.usc.edu/programs/graduate-programs/phd-program/finance,https://www.marshall.usc.edu/programs/phd-program/placement,https://www.marshall.usc.edu/departments/finance-business-economics/faculty,"Marshall admits PhD students by department; the application track is 'Finance & Business Economics' and the host department is branded FBE, but the program page describes it as the 'Finance Ph.D. program' training students in financial economics (formal degree is Business Administration PhD). Curric"
,B-unverified,usc,usc-price-ppm,PhD in Public Policy and Management (USC Price),USC Sol Price School of Public Policy,borderline,https://priceschool.usc.edu/academics/doctoral/ph-d-in-public-policy-and-management-ppm/,https://priceschool.usc.edu/academics/doctoral/select-first-year-placements/,https://priceschool.usc.edu/faculty/directory/,"Distinct PhD with its own admissions (Dec 1 deadline) and 4-year full funding. Economics is one of several possible specialization areas (alongside sociology, political science, organizational theory), and Price faculty include many applied/health economists (Schaeffer Center affiliations); the scho"
,B-unverified,uva,uva-darden-dads,PhD in Data Analytics and Decision Sciences (Darden),Darden School of Business,borderline,https://www.darden.virginia.edu/phd/data-analytics-and-decision-science,,https://www.darden.virginia.edu/faculty-research/academic-areas/data-analytics-decision-sciences,"Distinct PhD with its own admissions (applications launched Aug 2022, so very new — no placement record yet). NOT branded economics, but content is Kellogg-MEDS-like: dynamic programming, game theory, mechanism design, search theory, decision analysis, pricing; requires microeconomics and econometri"
,B-unverified,uva,uva-education-policy,PhD in Education - Education Policy,"School of Education and Human Development (Department of Education Leadership, Foundations & Policy)",borderline,https://education.virginia.edu/academics/programs/education-policy-phd-doctor-philosophy-education,,https://education.virginia.edu/research-initiatives/research-centers-labs/edpolicyworks/edpolicyworks-people,"PhD in Education with a distinct Education Policy concentration and its own admissions (Dec 1 deadline, ~5 years, fully funded). Not econ-branded, but explicitly built on causal-inference methods and a social-science discipline grounding; hosted alongside EdPolicyWorks with economics-of-education fa"
,B-unverified,vanderbilt,vanderbilt-peabody-edpolicy,Education Policy and Leadership (Ph.D.) (formerly Leadership and Policy Studies),"Department of Leadership, Policy, and Organizations (LPO), Peabody College",borderline,https://peabody.vanderbilt.edu/academics/phd-programs/education-policy-and-leadership-phd/,https://peabody.vanderbilt.edu/departments/lpo/recent-phd-placements.php,,"Top-ranked education policy PhD with its own admissions (deadline Dec 1); interdisciplinary training that includes required economics-of-education coursework alongside sociology/political science, a 3-semester quant sequence, and causal inference. NOT economics-branded (contrast NYU Steinhardt Econo"
,B-unverified,carnegie_mellon,carnegie_mellon-behavioral-econ,Joint PhD in Behavioral Economics,Department of Social and Decision Sciences (Dietrich College) and Tepper School of Business (joint),other,https://www.cmu.edu/dietrich/sds/graduate/fields.html,https://www.cmu.edu/tepper/programs/phd/job-market,https://www.cmu.edu/dietrich/sds/people/index.html,Launched December 2017 as the first behavioral economics PhD program in the US (announcement: https://www.cmu.edu/news/stories/archives/2017/december/behavioral-economics-phd.html). Admissions run through the SDS doctoral application; students have one advisor from SDS and one from Tepper; qualifier
,B-unverified,vanderbilt,vanderbilt-law-econ,Ph.D. in Law and Economics (J.D./Ph.D.),Vanderbilt Law School,other,https://law.vanderbilt.edu/phd-law-economics/,https://law.vanderbilt.edu/phd-law-economics/graduates/,https://law.vanderbilt.edu/phd-law-economics/faculty/,"First program of its kind in the US, founded 2006 by W. Kip Viscusi and Joni Hersch (ex-Harvard Law). Grants a distinct Ph.D. in Law and Economics alongside a J.D. in an integrated ~6-year curriculum (72 hours incl. micro theory, econometrics, and law-and-econ fields: behavioral law and econ, labor "
,B-unverified,indiana,indiana-indianapolis-econ,"PhD in Economics (Applied Health Economics), IU Indianapolis","IU Indianapolis (formerly IUPUI), School of Liberal Arts, Department of Economics",separate-econ-dept,https://www.bulletins.iu.edu/iuin/2024-2025/schools/liberal-arts/graduate/degrees/economics%20ma%20and%20phd.shtml,,https://liberalarts.indianapolis.iu.edu/about/directory/index.html?field_2=economics,"Fully separate economics department on the Indianapolis campus with its own PhD (first cohort 2010), specializing in health economics and applied econometrics; 90 credit hours with a required health-related minor. Also listed as 'Economics Ph.D. specializing in Applied Health Economics' in the same "
